{"cameraMode":{"drawMode":0,"name":"Shaded","section":"Shading Mode"},"sceneLighting":true,"audioPlay":false,"sceneViewState":{"m_AlwaysRefresh":false,"showFog":true,"showSkybox":true,"showFlares":true,"showImageEffects":true,"showParticleSystems":true,"showVisualEffectGraphs":true,"m_FxEnabled":true},"in2DMode":false,"pivot":{"x":6.355348110198975,"y":5.213529109954834,"z":-35.39081954956055},"rotation":{"x":0.28836026787757876,"y":0.11825601011514664,"z":-0.021937455981969835,"w":0.9510291814804077},"size":12.12435531616211,"orthographic":false}