{"cameraMode":{"drawMode":0,"name":"Shaded","section":"Shading Mode"},"sceneLighting":false,"audioPlay":false,"sceneViewState":{"m_AlwaysRefresh":false,"showFog":true,"showSkybox":false,"showFlares":true,"showImageEffects":true,"showParticleSystems":true,"showVisualEffectGraphs":true,"m_FxEnabled":true},"in2DMode":false,"pivot":{"x":0.05501429736614227,"y":0.008955812081694603,"z":-0.10406941175460816},"rotation":{"x":-0.09445837885141373,"y":0.728035032749176,"z":-0.11469469219446182,"w":-0.670209527015686},"size":0.10307764261960983,"orthographic":false}